{"cameraMode":{"drawMode":0,"name":"Shaded","section":"Shading Mode"},"sceneLighting":true,"audioPlay":false,"sceneViewState":{"m_AlwaysRefresh":false,"showFog":true,"showSkybox":true,"showFlares":true,"showImageEffects":true,"showParticleSystems":true,"showVisualEffectGraphs":true,"m_FxEnabled":true},"in2DMode":false,"pivot":{"x":948.49951171875,"y":587.0394287109375,"z":-218.71743774414063},"rotation":{"x":-0.18878978490829469,"y":-0.031810007989406589,"z":0.004477000795304775,"w":-0.9818966388702393},"size":1.5849851369857789,"orthographic":false}